[
	{
		"sno": "2",
		"state_name": "Andaman and Nicobar Islands",
		"active": "79",
		"positive": "4805",
		"cured": "4665",
		"death": "61",
		"new_active": "84",
		"new_positive": "4818",
		"new_cured": "4673",
		"new_death": "61",
		"state_code": "35"
	},
	{
		"sno": "1",
		"state_name": "Andhra Pradesh",
		"active": "5078",
		"positive": "875025",
		"cured": "862895",
		"death": "7052",
		"new_active": "4966",
		"new_positive": "875531",
		"new_cured": "863508",
		"new_death": "7057",
		"state_code": "28"
	},
	
	{
		"sno": "3",
		"state_name": "Arunachal Pradesh",	
		"active": "269",
		"positive": "16509",
		"cured": "16185",
		"death": "55",
		"new_active": "252",
		"new_positive": "16513",
		"new_cured": "16206",
		"new_death": "55",
		"state_code": "12"
	},
	{
		"sno": "4",
		"state_name": "Assam",
		"active": "3527",
		"positive": "214584",
		"cured": "210057",
		"death": "1000",
		"new_active": "3481",
		"new_positive": "214657",
		"new_cured": "210174",
		"new_death": "1002",
		"state_code": "18"
	},
	{
		"sno": "5",
		"state_name": "Bihar",
		"active": "5501",
		"positive": "241776",
		"cured": "234958",
		"death": "1317",
		"new_active": "5375",
		"new_positive": "242224",
		"new_cured": "235528",
		"new_death": "1321",
		"state_code": "10"
	},
	{
		"sno": "6",
		"state_name": "Chandigarh",
		"active": "815",
		"positive": "18572",
		"cured": "17457",
		"death": "300",
		"new_active": "766",
		"new_positive": "18638",
		"new_cured": "17571",
		"new_death": "301",
		"state_code": "04"
	},
	{
		"sno": "7",
		"state_name": "Chhattisgarh",
		"active": "18640",
		"positive": "255761",
		"cured": "234037",
		"death": "3084",
		"new_active": "19070",
		"new_positive": "257020",
		"new_cured": "234853",
		"new_death": "3097",
		"state_code": "22"
	},
	{
		"sno": "8",
		"state_name": "Dadra and Nagar Haveli and Daman and Diu",
		"active": "17",
		"positive": "3356",
		"cured": "3337",
		"death": "2",
		"new_active": "17",
		"new_positive": "3356",
		"new_cured": "3337",
		"new_death": "2",
		"state_code": "26"
	},
	
	{
		"sno": "10",
		"state_name": "Delhi",
		"active": "17373",
		"positive": "605470",
		"cured": "578116",
		"death": "9981",
		"new_active": "16785",
		"new_positive": "607454",
		"new_cured": "580655",
		"new_death": "10014",
		"state_code": "07"
	},
	{
		"sno": "11",
		"state_name": "Goa",
		"active": "1111",
		"positive": "49305",
		"cured": "47489",
		"death": "705",
		"new_active": "1066",
		"new_positive": "49362",
		"new_cured": "47590",
		"new_death": "706",
		"state_code": "30"
	},
	{
		"sno": "12",
		"state_name": "Gujarat",
		"active": "13481",
		"positive": "226508",
		"cured": "208867",
		"death": "4160",
		"new_active": "13298",
		"new_positive": "227683",
		"new_cured": "210214",
		"new_death": "4171",
		"state_code": "24"
	},
	{
		"sno": "13",
		"state_name": "Haryana",
		"active": "10318",
		"positive": "251402",
		"cured": "238374",
		"death": "2710",
		"new_active": "9875",
		"new_positive": "252392",
		"new_cured": "239800",
		"new_death": "2717",
		"state_code": "06"
	},
	{
		"sno": "14",
		"state_name": "Himachal Pradesh",
		"active": "7575",
		"positive": "48951",
		"cured": "40573",
		"death": "803",
		"new_active": "7251",
		"new_positive": "49375",
		"new_cured": "41313",
		"new_death": "811",
		"state_code": "02"
	},
	{
		"sno": "15",
		"state_name": "Jammu and Kashmir",
		"active": "4831",
		"positive": "115626",
		"cured": "109002",
		"death": "1793",
		"new_active": "4702",
		"new_positive": "116008",
		"new_cured": "109507",
		"new_death": "1799",
		"state_code": "01"
	},
	{
		"sno": "16",
		"state_name": "Jharkhand",
		"active": "1610",
		"positive": "111366",
		"cured": "108761",
		"death": "995",
		"new_active": "1571",
		"new_positive": "111510",
		"new_cured": "108940",
		"new_death": "999",
		"state_code": "20"
	},
	{
		"sno": "17",
		"state_name": "Karnataka",
		"active": "18273",
		"positive": "900214",
		"cured": "870002",
		"death": "11939",
		"new_active": "17428",
		"new_positive": "901410",
		"new_cured": "872038",
		"new_death": "11944",
		"state_code": "29"
	},
	{
		"sno": "18",
		"state_name": "Kerala",
		"active": "60177",
		"positive": "664632",
		"cured": "601861",
		"death": "2594",
		"new_active": "59588",
		"new_positive": "669330",
		"new_cured": "607119",
		"new_death": "2623",
		"state_code": "32"
	},
	{
		"sno": "19",
		"state_name": "Ladakh",
		"active": "763",
		"positive": "9138",
		"cured": "8252",
		"death": "123",
		"new_active": "649",
		"new_positive": "9155",
		"new_cured": "8383",
		"new_death": "123",
		"state_code": "37"
	},
		{
		"sno": "20",
		"state_name": "Lakshadweep",
		"active": "0",
		"positive": "0",
		"cured": "0",
		"death": "0",
		"new_active": "0",
		"new_positive": "0",
		"new_cured": "0",
		"new_death": "0",
		"state_code": "31"
	},
	{
		"sno": "21",
		"state_name": "Madhya Pradesh",
		"active": "12947",
		"positive": "222397",
		"cured": "206059",
		"death": "3391",
		"new_active": "12837",
		"new_positive": "223578",
		"new_cured": "207337",
		"new_death": "3404",
		"state_code": "23"
	},
	{
		"sno": "22",
		"state_name": "Maharashtra",
		"active": "74638",
		"positive": "1876699",
		"cured": "1753922",
		"death": "48139",
		"new_active": "75202",
		"new_positive": "1880416",
		"new_cured": "1757005",
		"new_death": "48209",
		"state_code": "27"
	},
	{
		"sno": "23",
		"state_name": "Manipur",
		"active": "3057",
		"positive": "27036",
		"cured": "23657",
		"death": "322",
		"new_active": "3074",
		"new_positive": "27155",
		"new_cured": "23759",
		"new_death": "322",
		"state_code": "14"
	},
		{
		"sno": "24",
		"state_name": "Meghalaya",
		"active": "641",
		"positive": "12743",
		"cured": "11977",
		"death": "125",
		"new_active": "730",
		"new_positive": "12866",
		"new_cured": "12008",
		"new_death": "128",
		"state_code": "17"
	},
	{
		"sno": "25",
		"state_name": "Mizoram",
		"active": "192",
		"positive": "4035",
		"cured": "3836",
		"death": "7",
		"new_active": "186",
		"new_positive": "4040",
		"new_cured": "3847",
		"new_death": "7",
		"state_code": "15"
	},
		{
		"sno": "26",
		"state_name": "Nagaland",
		"active": "610",
		"positive": "11676",
		"cured": "10998",
		"death": "68",
		"new_active": "634",
		"new_positive": "11709",
		"new_cured": "11007",
		"new_death": "68",
		"state_code": "13"
	},
	{
		"sno": "27",
		"state_name": "Odisha",
		"active": "2879",
		"positive": "323364",
		"cured": "318683",
		"death": "1802",
		"new_active": "2881",
		"new_positive": "323757",
		"new_cured": "319069",
		"new_death": "1807",
		"state_code": "21"
	},
	{
		"sno": "28",
		"state_name": "Puducherry",
		"active": "346",
		"positive": "37444",
		"cured": "36479",
		"death": "619",
		"new_active": "337",
		"new_positive": "37492",
		"new_cured": "36536",
		"new_death": "619",
		"state_code": "34"
	},
	{
		"sno": "29",
		"state_name": "Punjab",
		"active": "7091",
		"positive": "159579",
		"cured": "147431",
		"death": "5057",
		"new_active": "7076",
		"new_positive": "160200",
		"new_cured": "148047",
		"new_death": "5077",
		"state_code": "03"
	},
	{
		"sno": "30",
		"state_name": "Rajasthan",
		"active": "16821",
		"positive": "289999",
		"cured": "270650",
		"death": "2528",
		"new_active": "16629",
		"new_positive": "291289",
		"new_cured": "272118",
		"new_death": "2542",
		"state_code": "08"
	},
		{
		"sno": "31",
		"state_name": "Sikkim",
		"active": "364",
		"positive": "5316",
		"cured": "4834",
		"death": "118",
		"new_active": "356",
		"new_positive": "5338",
		"new_cured": "4864",
		"new_death": "118",
		"state_code": "11"
	},
	{
		"sno": "32",
		"state_name": "Tamil Nadu",
		"active": "10208",
		"positive": "797693",
		"cured": "775602",
		"death": "11883",
		"new_active": "10115",
		"new_positive": "798888",
		"new_cured": "776878",
		"new_death": "11895",
		"state_code": "33"
	},
	{
		"sno": "34",
		"state_name": "Telengana",
		"active": "7630",
		"positive": "277724",
		"cured": "268601",
		"death": "1493",
		"new_active": "7380",
		"new_positive": "278108",
		"new_cured": "269232",
		"new_death": "1496",
		"state_code": "36"
	},
	{
		"sno": "33",
		"state_name": "Tripura",
		"active": "352",
		"positive": "33038",
		"cured": "32310",
		"death": "376",
		"new_active": "330",
		"new_positive": "33048",
		"new_cured": "32342",
		"new_death": "376",
		"state_code": "16"
	},
	
	{
		"sno": "35",
		"state_name": "Uttarakhand",
		"active": "6207",
		"positive": "81939",
		"cured": "74381",
		"death": "1351",
		"new_active": "6293",
		"new_positive": "82429",
		"new_cured": "74781",
		"new_death": "1355",
		"state_code": "05"
	},
	{
		"sno": "36",
		"state_name": "Uttar Pradesh",
		"active": "20091",
		"positive": "564132",
		"cured": "535985",
		"death": "8056",
		"new_active": "19729",
		"new_positive": "565556",
		"new_cured": "537755",
		"new_death": "8072",
		"state_code": "09"
	},
	{
		"sno": "37",
		"state_name": "West Bengal",
		"active": "23034",
		"positive": "519215",
		"cured": "487171",
		"death": "9010",
		"new_active": "22573",
		"new_positive": "521795",
		"new_cured": "490165",
		"new_death": "9057",
		"state_code": "19"
	},
	
	{	
		"sno":"11111",
		"state_name":"",
		"active": "356546",
		"positive": "9857029",
		"cured": "9357464",
		"death": "143019",
		"new_active": "352586",
		"new_positive": "9884100",
		"new_cured": "9388159",
		"new_death": "143355",
		"state_code": ""
		}

]
